stream_category,median_danceability,sd_energy
high,0.64,0.16722067365601184
low,0.7,0.17062688872636303
medium,0.7,0.14150286350629
