stream_category,mean_energy
high,0.6430303030303031
low,0.642728476821192
