stream_category,mean_energy
high,0.6386928104575164
low,0.6438198757763975
medium,0.6425641025641026
