stream_category,median_danceability,sd_energy
high,0.7,0.15110392124677427
low,0.69,0.16917328761863698
